{
  "project_info": {
    "project_number": "260793717708",
    "project_id": "trackio-rg",
    "storage_bucket": "trackio-rg.appspot.com"
  },
  "client": [
    {
      "client_info": {
        "mobilesdk_app_id": "1:260793717708:android:b44c93bc9579c00e124369",
        "android_client_info": {
          "package_name": "io.github.appsrc.trackio"
        }
      },
      "oauth_client": [
        {
          "client_id": "260793717708-i20e5al2lr189mug5vsrtj2r7elgm57s.apps.googleusercontent.com",
          "client_type": 3
        }
      ],
      "api_key": [
        {
          "current_key": "AIzaSyBOqtMqUg5c8P_jo3-XZYJfchZyZBagO2o"
        }
      ],
      "services": {
        "appinvite_service": {
          "other_platform_oauth_client": [
            {
              "client_id": "260793717708-i20e5al2lr189mug5vsrtj2r7elgm57s.apps.googleusercontent.com",
              "client_type": 3
            }
          ]
        }
      }
    }
  ],
  "configuration_version": "1"
}